-- Script was generated by Devart dbForge Studio for MySQL, Version 6.0.128.0
-- Product home page: http://www.devart.com/dbforge/mysql/studio
-- Script date 14/11/2014 10:53:49
-- Server version: 5.5.25-log
-- Client version: 4.1

SET NAMES 'utf8';

-- Script was generated by Devart dbForge Studio for MySQL, Version 6.0.128.0
-- Product home page: http://www.devart.com/dbforge/mysql/studio
-- Script date 14/11/2014 10:55:05
-- Server version: 5.5.25-log
-- Client version: 4.1

USE boil;

CREATE TABLE categorias (
   cd_categoria bigint(11) NOT NULL AUTO_INCREMENT,
   ds_categoria varchar(255) NOT NULL,
   PRIMARY KEY (cd_categoria)
)
ENGINE = INNODB
AVG_ROW_LENGTH = 5461
CHARACTER SET utf8
COLLATE utf8_unicode_ci;

CREATE TABLE papeis (
   cd_papel bigint(20) NOT NULL AUTO_INCREMENT,
   ds_papel varchar(255) DEFAULT NULL,
   ds_chave varchar(255) DEFAULT NULL,
   PRIMARY KEY (cd_papel)
)
ENGINE = INNODB
AVG_ROW_LENGTH = 2730
CHARACTER SET latin1
COLLATE latin1_swedish_ci;

CREATE TABLE cotacoes (
   cd_cotacao bigint(20) NOT NULL AUTO_INCREMENT,
   cd_papel bigint(20) DEFAULT NULL,
   dt_cotacao date DEFAULT NULL,
   vl_cotacao double(8, 2) DEFAULT NULL,
   PRIMARY KEY (cd_cotacao),
   CONSTRAINT fkcotacoes FOREIGN KEY (cd_papel)
   REFERENCES papeis (cd_papel) ON DELETE RESTRICT ON UPDATE RESTRICT
)
ENGINE = INNODB
AVG_ROW_LENGTH = 79
CHARACTER SET latin1
COLLATE latin1_swedish_ci;

CREATE TABLE noticias (
   cd_noticia bigint(20) NOT NULL AUTO_INCREMENT,
   cd_categoria bigint(20) NOT NULL,
   dt_noticia date DEFAULT NULL,
   ds_titulo varchar(255) DEFAULT NULL,
   ds_descricao varchar(255) DEFAULT NULL,
   PRIMARY KEY (cd_noticia),
   CONSTRAINT fknoticias FOREIGN KEY (cd_categoria)
   REFERENCES categorias (cd_categoria) ON DELETE RESTRICT ON UPDATE RESTRICT
)
ENGINE = INNODB
AVG_ROW_LENGTH = 1024
CHARACTER SET latin1
COLLATE latin1_swedish_ci;

INSERT INTO boil.categorias(cd_categoria, ds_categoria) VALUES
(1, 'Política');
INSERT INTO boil.categorias(cd_categoria, ds_categoria) VALUES
(2, 'Negócios');
INSERT INTO boil.categorias(cd_categoria, ds_categoria) VALUES
(3, 'Fatos');
INSERT INTO boil.cotacoes(cd_cotacao, cd_papel, dt_cotacao, vl_cotacao) VALUES
(1, 1, '2014-01-10', 15.01);
INSERT INTO boil.cotacoes(cd_cotacao, cd_papel, dt_cotacao, vl_cotacao) VALUES
(2, 1, '2014-01-17', 14.57);
INSERT INTO boil.cotacoes(cd_cotacao, cd_papel, dt_cotacao, vl_cotacao) VALUES
(3, 1, '2014-01-24', 14.19);
INSERT INTO boil.cotacoes(cd_cotacao, cd_papel, dt_cotacao, vl_cotacao) VALUES
(4, 1, '2014-01-31', 13.81);
INSERT INTO boil.cotacoes(cd_cotacao, cd_papel, dt_cotacao, vl_cotacao) VALUES
(5, 1, '2014-02-07', 13.58);
INSERT INTO boil.cotacoes(cd_cotacao, cd_papel, dt_cotacao, vl_cotacao) VALUES
(6, 1, '2014-02-14', 13.7);
INSERT INTO boil.cotacoes(cd_cotacao, cd_papel, dt_cotacao, vl_cotacao) VALUES
(7, 1, '2014-02-21', 13.3);
INSERT INTO boil.cotacoes(cd_cotacao, cd_papel, dt_cotacao, vl_cotacao) VALUES
(8, 1, '2014-02-28', 12.77);
INSERT INTO boil.cotacoes(cd_cotacao, cd_papel, dt_cotacao, vl_cotacao) VALUES
(9, 1, '2014-03-07', 12.52);
INSERT INTO boil.cotacoes(cd_cotacao, cd_papel, dt_cotacao, vl_cotacao) VALUES
(10, 1, '2014-03-14', 12.01);
INSERT INTO boil.cotacoes(cd_cotacao, cd_papel, dt_cotacao, vl_cotacao) VALUES
(11, 1, '2014-03-21', 13.17);
INSERT INTO boil.cotacoes(cd_cotacao, cd_papel, dt_cotacao, vl_cotacao) VALUES
(12, 1, '2014-03-28', 14.71);
INSERT INTO boil.cotacoes(cd_cotacao, cd_papel, dt_cotacao, vl_cotacao) VALUES
(13, 1, '2014-04-04', 15.44);
INSERT INTO boil.cotacoes(cd_cotacao, cd_papel, dt_cotacao, vl_cotacao) VALUES
(14, 1, '2014-04-11', 16.19);
INSERT INTO boil.cotacoes(cd_cotacao, cd_papel, dt_cotacao, vl_cotacao) VALUES
(15, 1, '2014-04-18', 16.38);
INSERT INTO boil.cotacoes(cd_cotacao, cd_papel, dt_cotacao, vl_cotacao) VALUES
(16, 1, '2014-04-25', 16.03);
INSERT INTO boil.cotacoes(cd_cotacao, cd_papel, dt_cotacao, vl_cotacao) VALUES
(17, 1, '2014-05-02', 17.6);
INSERT INTO boil.cotacoes(cd_cotacao, cd_papel, dt_cotacao, vl_cotacao) VALUES
(18, 1, '2014-05-09', 17.67);
INSERT INTO boil.cotacoes(cd_cotacao, cd_papel, dt_cotacao, vl_cotacao) VALUES
(19, 1, '2014-05-16', 18.05);
INSERT INTO boil.cotacoes(cd_cotacao, cd_papel, dt_cotacao, vl_cotacao) VALUES
(20, 1, '2014-05-23', 17.7);
INSERT INTO boil.cotacoes(cd_cotacao, cd_papel, dt_cotacao, vl_cotacao) VALUES
(21, 1, '2014-05-30', 16.69);
INSERT INTO boil.cotacoes(cd_cotacao, cd_papel, dt_cotacao, vl_cotacao) VALUES
(22, 1, '2014-06-06', 17.68);
INSERT INTO boil.cotacoes(cd_cotacao, cd_papel, dt_cotacao, vl_cotacao) VALUES
(23, 1, '2014-06-13', 18.99);
INSERT INTO boil.cotacoes(cd_cotacao, cd_papel, dt_cotacao, vl_cotacao) VALUES
(24, 1, '2014-06-20', 18.7);
INSERT INTO boil.cotacoes(cd_cotacao, cd_papel, dt_cotacao, vl_cotacao) VALUES
(25, 1, '2014-06-27', 17.2);
INSERT INTO boil.cotacoes(cd_cotacao, cd_papel, dt_cotacao, vl_cotacao) VALUES
(26, 1, '2014-07-04', 17.5);
INSERT INTO boil.cotacoes(cd_cotacao, cd_papel, dt_cotacao, vl_cotacao) VALUES
(27, 1, '2014-07-11', 18.28);
INSERT INTO boil.cotacoes(cd_cotacao, cd_papel, dt_cotacao, vl_cotacao) VALUES
(28, 1, '2014-07-18', 20.52);
INSERT INTO boil.cotacoes(cd_cotacao, cd_papel, dt_cotacao, vl_cotacao) VALUES
(29, 1, '2014-07-25', 20.49);
INSERT INTO boil.cotacoes(cd_cotacao, cd_papel, dt_cotacao, vl_cotacao) VALUES
(30, 1, '2014-08-01', 19.01);
INSERT INTO boil.cotacoes(cd_cotacao, cd_papel, dt_cotacao, vl_cotacao) VALUES
(31, 1, '2014-08-08', 19.31);
INSERT INTO boil.cotacoes(cd_cotacao, cd_papel, dt_cotacao, vl_cotacao) VALUES
(32, 1, '2014-08-15', 20.06);
INSERT INTO boil.cotacoes(cd_cotacao, cd_papel, dt_cotacao, vl_cotacao) VALUES
(33, 1, '2014-08-22', 20.91);
INSERT INTO boil.cotacoes(cd_cotacao, cd_papel, dt_cotacao, vl_cotacao) VALUES
(34, 2, '2014-08-21', 23.2);
INSERT INTO boil.cotacoes(cd_cotacao, cd_papel, dt_cotacao, vl_cotacao) VALUES
(35, 2, '2014-08-15', 21.95);
INSERT INTO boil.cotacoes(cd_cotacao, cd_papel, dt_cotacao, vl_cotacao) VALUES
(36, 2, '2014-08-08', 22.4);
INSERT INTO boil.cotacoes(cd_cotacao, cd_papel, dt_cotacao, vl_cotacao) VALUES
(37, 2, '2014-08-01', 22.92);
INSERT INTO boil.cotacoes(cd_cotacao, cd_papel, dt_cotacao, vl_cotacao) VALUES
(38, 2, '2014-07-25', 23.16);
INSERT INTO boil.cotacoes(cd_cotacao, cd_papel, dt_cotacao, vl_cotacao) VALUES
(39, 2, '2014-07-18', 23.85);
INSERT INTO boil.cotacoes(cd_cotacao, cd_papel, dt_cotacao, vl_cotacao) VALUES
(40, 2, '2014-07-11', 23.4);
INSERT INTO boil.cotacoes(cd_cotacao, cd_papel, dt_cotacao, vl_cotacao) VALUES
(41, 2, '2014-07-04', 22.99);
INSERT INTO boil.cotacoes(cd_cotacao, cd_papel, dt_cotacao, vl_cotacao) VALUES
(42, 2, '2014-06-27', 23.26);
INSERT INTO boil.cotacoes(cd_cotacao, cd_papel, dt_cotacao, vl_cotacao) VALUES
(43, 2, '2014-06-20', 23.42);
INSERT INTO boil.cotacoes(cd_cotacao, cd_papel, dt_cotacao, vl_cotacao) VALUES
(44, 2, '2014-06-13', 23.9);
INSERT INTO boil.cotacoes(cd_cotacao, cd_papel, dt_cotacao, vl_cotacao) VALUES
(45, 2, '2014-06-06', 23.7);
INSERT INTO boil.cotacoes(cd_cotacao, cd_papel, dt_cotacao, vl_cotacao) VALUES
(46, 2, '2014-05-30', 23.04);
INSERT INTO boil.cotacoes(cd_cotacao, cd_papel, dt_cotacao, vl_cotacao) VALUES
(47, 2, '2014-05-23', 24.95);
INSERT INTO boil.cotacoes(cd_cotacao, cd_papel, dt_cotacao, vl_cotacao) VALUES
(48, 2, '2014-05-16', 24.81);
INSERT INTO boil.cotacoes(cd_cotacao, cd_papel, dt_cotacao, vl_cotacao) VALUES
(49, 2, '2014-05-09', 24.64);
INSERT INTO boil.cotacoes(cd_cotacao, cd_papel, dt_cotacao, vl_cotacao) VALUES
(50, 2, '2014-05-02', 26.1);
INSERT INTO boil.cotacoes(cd_cotacao, cd_papel, dt_cotacao, vl_cotacao) VALUES
(51, 2, '2014-04-25', 25.58);
INSERT INTO boil.cotacoes(cd_cotacao, cd_papel, dt_cotacao, vl_cotacao) VALUES
(52, 2, '2014-04-18', 26.53);
INSERT INTO boil.cotacoes(cd_cotacao, cd_papel, dt_cotacao, vl_cotacao) VALUES
(53, 2, '2014-04-11', 26.9);
INSERT INTO boil.cotacoes(cd_cotacao, cd_papel, dt_cotacao, vl_cotacao) VALUES
(54, 2, '2014-04-04', 27.21);
INSERT INTO boil.cotacoes(cd_cotacao, cd_papel, dt_cotacao, vl_cotacao) VALUES
(55, 2, '2014-03-28', 26.86);
INSERT INTO boil.cotacoes(cd_cotacao, cd_papel, dt_cotacao, vl_cotacao) VALUES
(56, 2, '2014-03-21', 26.37);
INSERT INTO boil.cotacoes(cd_cotacao, cd_papel, dt_cotacao, vl_cotacao) VALUES
(57, 2, '2014-03-14', 24.05);
INSERT INTO boil.cotacoes(cd_cotacao, cd_papel, dt_cotacao, vl_cotacao) VALUES
(58, 2, '2014-03-07', 25.75);
INSERT INTO boil.cotacoes(cd_cotacao, cd_papel, dt_cotacao, vl_cotacao) VALUES
(59, 2, '2014-02-28', 25.01);
INSERT INTO boil.cotacoes(cd_cotacao, cd_papel, dt_cotacao, vl_cotacao) VALUES
(60, 2, '2014-02-21', 24.61);
INSERT INTO boil.cotacoes(cd_cotacao, cd_papel, dt_cotacao, vl_cotacao) VALUES
(61, 2, '2014-02-14', 24.13);
INSERT INTO boil.cotacoes(cd_cotacao, cd_papel, dt_cotacao, vl_cotacao) VALUES
(62, 2, '2014-02-07', 25.39);
INSERT INTO boil.cotacoes(cd_cotacao, cd_papel, dt_cotacao, vl_cotacao) VALUES
(63, 2, '2014-01-31', 26.05);
INSERT INTO boil.cotacoes(cd_cotacao, cd_papel, dt_cotacao, vl_cotacao) VALUES
(64, 2, '2014-01-24', 26.38);
INSERT INTO boil.cotacoes(cd_cotacao, cd_papel, dt_cotacao, vl_cotacao) VALUES
(65, 2, '2014-01-17', 26.34);
INSERT INTO boil.cotacoes(cd_cotacao, cd_papel, dt_cotacao, vl_cotacao) VALUES
(66, 2, '2014-01-10', 26.55);
INSERT INTO boil.cotacoes(cd_cotacao, cd_papel, dt_cotacao, vl_cotacao) VALUES
(67, 3, '2014-01-03', 31.45);
INSERT INTO boil.cotacoes(cd_cotacao, cd_papel, dt_cotacao, vl_cotacao) VALUES
(68, 3, '2014-01-10', 30.46);
INSERT INTO boil.cotacoes(cd_cotacao, cd_papel, dt_cotacao, vl_cotacao) VALUES
(69, 3, '2014-01-17', 29.19);
INSERT INTO boil.cotacoes(cd_cotacao, cd_papel, dt_cotacao, vl_cotacao) VALUES
(70, 3, '2014-01-24', 29.11);
INSERT INTO boil.cotacoes(cd_cotacao, cd_papel, dt_cotacao, vl_cotacao) VALUES
(71, 3, '2014-01-31', 27.77);
INSERT INTO boil.cotacoes(cd_cotacao, cd_papel, dt_cotacao, vl_cotacao) VALUES
(72, 3, '2014-02-07', 29.01);
INSERT INTO boil.cotacoes(cd_cotacao, cd_papel, dt_cotacao, vl_cotacao) VALUES
(73, 3, '2014-02-14', 29.62);
INSERT INTO boil.cotacoes(cd_cotacao, cd_papel, dt_cotacao, vl_cotacao) VALUES
(74, 3, '2014-02-21', 30.23);
INSERT INTO boil.cotacoes(cd_cotacao, cd_papel, dt_cotacao, vl_cotacao) VALUES
(75, 3, '2014-02-28', 29.6);
INSERT INTO boil.cotacoes(cd_cotacao, cd_papel, dt_cotacao, vl_cotacao) VALUES
(76, 3, '2014-03-07', 27.97);
INSERT INTO boil.cotacoes(cd_cotacao, cd_papel, dt_cotacao, vl_cotacao) VALUES
(77, 3, '2014-03-14', 25.65);
INSERT INTO boil.cotacoes(cd_cotacao, cd_papel, dt_cotacao, vl_cotacao) VALUES
(78, 3, '2014-03-21', 25.39);
INSERT INTO boil.cotacoes(cd_cotacao, cd_papel, dt_cotacao, vl_cotacao) VALUES
(79, 3, '2014-03-28', 26.42);
INSERT INTO boil.cotacoes(cd_cotacao, cd_papel, dt_cotacao, vl_cotacao) VALUES
(80, 3, '2014-04-04', 27.32);
INSERT INTO boil.cotacoes(cd_cotacao, cd_papel, dt_cotacao, vl_cotacao) VALUES
(81, 3, '2014-04-11', 28.91);
INSERT INTO boil.cotacoes(cd_cotacao, cd_papel, dt_cotacao, vl_cotacao) VALUES
(82, 3, '2014-04-17', 29.09);
INSERT INTO boil.cotacoes(cd_cotacao, cd_papel, dt_cotacao, vl_cotacao) VALUES
(83, 3, '2014-04-25', 28.29);
INSERT INTO boil.cotacoes(cd_cotacao, cd_papel, dt_cotacao, vl_cotacao) VALUES
(84, 3, '2014-05-02', 27.04);
INSERT INTO boil.cotacoes(cd_cotacao, cd_papel, dt_cotacao, vl_cotacao) VALUES
(85, 3, '2014-05-09', 27.2);
INSERT INTO boil.cotacoes(cd_cotacao, cd_papel, dt_cotacao, vl_cotacao) VALUES
(86, 3, '2014-05-16', 27.05);
INSERT INTO boil.cotacoes(cd_cotacao, cd_papel, dt_cotacao, vl_cotacao) VALUES
(87, 3, '2014-05-23', 27.21);
INSERT INTO boil.cotacoes(cd_cotacao, cd_papel, dt_cotacao, vl_cotacao) VALUES
(88, 3, '2014-05-30', 26.91);
INSERT INTO boil.cotacoes(cd_cotacao, cd_papel, dt_cotacao, vl_cotacao) VALUES
(89, 3, '2014-06-06', 25.97);
INSERT INTO boil.cotacoes(cd_cotacao, cd_papel, dt_cotacao, vl_cotacao) VALUES
(90, 3, '2014-06-13', 26.2);
INSERT INTO boil.cotacoes(cd_cotacao, cd_papel, dt_cotacao, vl_cotacao) VALUES
(91, 3, '2014-06-20', 25.75);
INSERT INTO boil.cotacoes(cd_cotacao, cd_papel, dt_cotacao, vl_cotacao) VALUES
(92, 3, '2014-06-27', 26.17);
INSERT INTO boil.cotacoes(cd_cotacao, cd_papel, dt_cotacao, vl_cotacao) VALUES
(93, 3, '2014-07-04', 26.19);
INSERT INTO boil.cotacoes(cd_cotacao, cd_papel, dt_cotacao, vl_cotacao) VALUES
(94, 3, '2014-07-11', 27.65);
INSERT INTO boil.cotacoes(cd_cotacao, cd_papel, dt_cotacao, vl_cotacao) VALUES
(95, 3, '2014-07-18', 27.81);
INSERT INTO boil.cotacoes(cd_cotacao, cd_papel, dt_cotacao, vl_cotacao) VALUES
(96, 3, '2014-07-25', 28.09);
INSERT INTO boil.cotacoes(cd_cotacao, cd_papel, dt_cotacao, vl_cotacao) VALUES
(97, 3, '2014-08-01', 29.13);
INSERT INTO boil.cotacoes(cd_cotacao, cd_papel, dt_cotacao, vl_cotacao) VALUES
(98, 3, '2014-08-08', 28.68);
INSERT INTO boil.cotacoes(cd_cotacao, cd_papel, dt_cotacao, vl_cotacao) VALUES
(99, 3, '2014-08-15', 28.5);
INSERT INTO boil.cotacoes(cd_cotacao, cd_papel, dt_cotacao, vl_cotacao) VALUES
(100, 3, '2014-08-22', 27.79);
INSERT INTO boil.cotacoes(cd_cotacao, cd_papel, dt_cotacao, vl_cotacao) VALUES
(101, 3, '2014-08-25', 28.02);
INSERT INTO boil.cotacoes(cd_cotacao, cd_papel, dt_cotacao, vl_cotacao) VALUES
(154, 4, '2014-01-03', 23.29);
INSERT INTO boil.cotacoes(cd_cotacao, cd_papel, dt_cotacao, vl_cotacao) VALUES
(155, 4, '2014-01-10', 23.04);
INSERT INTO boil.cotacoes(cd_cotacao, cd_papel, dt_cotacao, vl_cotacao) VALUES
(156, 4, '2014-01-17', 22.01);
INSERT INTO boil.cotacoes(cd_cotacao, cd_papel, dt_cotacao, vl_cotacao) VALUES
(157, 4, '2014-01-24', 21.49);
INSERT INTO boil.cotacoes(cd_cotacao, cd_papel, dt_cotacao, vl_cotacao) VALUES
(158, 4, '2014-01-31', 20.33);
INSERT INTO boil.cotacoes(cd_cotacao, cd_papel, dt_cotacao, vl_cotacao) VALUES
(159, 4, '2014-02-07', 19.78);
INSERT INTO boil.cotacoes(cd_cotacao, cd_papel, dt_cotacao, vl_cotacao) VALUES
(160, 4, '2014-02-14', 20.51);
INSERT INTO boil.cotacoes(cd_cotacao, cd_papel, dt_cotacao, vl_cotacao) VALUES
(161, 4, '2014-02-21', 19.82);
INSERT INTO boil.cotacoes(cd_cotacao, cd_papel, dt_cotacao, vl_cotacao) VALUES
(162, 4, '2014-02-28', 19.48);
INSERT INTO boil.cotacoes(cd_cotacao, cd_papel, dt_cotacao, vl_cotacao) VALUES
(163, 4, '2014-03-07', 19.89);
INSERT INTO boil.cotacoes(cd_cotacao, cd_papel, dt_cotacao, vl_cotacao) VALUES
(164, 4, '2014-03-14', 19.17);
INSERT INTO boil.cotacoes(cd_cotacao, cd_papel, dt_cotacao, vl_cotacao) VALUES
(165, 4, '2014-03-21', 18.58);
INSERT INTO boil.cotacoes(cd_cotacao, cd_papel, dt_cotacao, vl_cotacao) VALUES
(166, 4, '2014-03-28', 20.55);
INSERT INTO boil.cotacoes(cd_cotacao, cd_papel, dt_cotacao, vl_cotacao) VALUES
(167, 4, '2014-04-04', 21.83);
INSERT INTO boil.cotacoes(cd_cotacao, cd_papel, dt_cotacao, vl_cotacao) VALUES
(168, 4, '2014-04-11', 23.5);
INSERT INTO boil.cotacoes(cd_cotacao, cd_papel, dt_cotacao, vl_cotacao) VALUES
(169, 4, '2014-04-17', 23.37);
INSERT INTO boil.cotacoes(cd_cotacao, cd_papel, dt_cotacao, vl_cotacao) VALUES
(170, 4, '2014-04-25', 23.55);
INSERT INTO boil.cotacoes(cd_cotacao, cd_papel, dt_cotacao, vl_cotacao) VALUES
(171, 4, '2014-05-02', 22.76);
INSERT INTO boil.cotacoes(cd_cotacao, cd_papel, dt_cotacao, vl_cotacao) VALUES
(172, 4, '2014-05-09', 23.56);
INSERT INTO boil.cotacoes(cd_cotacao, cd_papel, dt_cotacao, vl_cotacao) VALUES
(173, 4, '2014-05-16', 23.2);
INSERT INTO boil.cotacoes(cd_cotacao, cd_papel, dt_cotacao, vl_cotacao) VALUES
(174, 4, '2014-05-23', 23.64);
INSERT INTO boil.cotacoes(cd_cotacao, cd_papel, dt_cotacao, vl_cotacao) VALUES
(175, 4, '2014-05-30', 21.97);
INSERT INTO boil.cotacoes(cd_cotacao, cd_papel, dt_cotacao, vl_cotacao) VALUES
(176, 4, '2014-06-06', 22.58);
INSERT INTO boil.cotacoes(cd_cotacao, cd_papel, dt_cotacao, vl_cotacao) VALUES
(177, 4, '2014-06-13', 24.09);
INSERT INTO boil.cotacoes(cd_cotacao, cd_papel, dt_cotacao, vl_cotacao) VALUES
(178, 4, '2014-06-20', 26.18);
INSERT INTO boil.cotacoes(cd_cotacao, cd_papel, dt_cotacao, vl_cotacao) VALUES
(179, 4, '2014-06-27', 25.43);
INSERT INTO boil.cotacoes(cd_cotacao, cd_papel, dt_cotacao, vl_cotacao) VALUES
(180, 4, '2014-07-04', 24.95);
INSERT INTO boil.cotacoes(cd_cotacao, cd_papel, dt_cotacao, vl_cotacao) VALUES
(181, 4, '2014-07-11', 24.43);
INSERT INTO boil.cotacoes(cd_cotacao, cd_papel, dt_cotacao, vl_cotacao) VALUES
(182, 4, '2014-07-18', 26.58);
INSERT INTO boil.cotacoes(cd_cotacao, cd_papel, dt_cotacao, vl_cotacao) VALUES
(183, 4, '2014-07-25', 28.1);
INSERT INTO boil.cotacoes(cd_cotacao, cd_papel, dt_cotacao, vl_cotacao) VALUES
(184, 4, '2014-08-01', 29.31);
INSERT INTO boil.cotacoes(cd_cotacao, cd_papel, dt_cotacao, vl_cotacao) VALUES
(185, 4, '2014-08-08', 27.19);
INSERT INTO boil.cotacoes(cd_cotacao, cd_papel, dt_cotacao, vl_cotacao) VALUES
(186, 4, '2014-08-15', 27.26);
INSERT INTO boil.cotacoes(cd_cotacao, cd_papel, dt_cotacao, vl_cotacao) VALUES
(187, 4, '2014-08-22', 29.52);
INSERT INTO boil.cotacoes(cd_cotacao, cd_papel, dt_cotacao, vl_cotacao) VALUES
(188, 4, '2014-08-25', 30.33);
INSERT INTO boil.cotacoes(cd_cotacao, cd_papel, dt_cotacao, vl_cotacao) VALUES
(189, 6, '2014-01-03', 11.42);
INSERT INTO boil.cotacoes(cd_cotacao, cd_papel, dt_cotacao, vl_cotacao) VALUES
(190, 6, '2014-01-10', 11.14);
INSERT INTO boil.cotacoes(cd_cotacao, cd_papel, dt_cotacao, vl_cotacao) VALUES
(191, 6, '2014-01-17', 11.38);
INSERT INTO boil.cotacoes(cd_cotacao, cd_papel, dt_cotacao, vl_cotacao) VALUES
(192, 6, '2014-01-24', 10.89);
INSERT INTO boil.cotacoes(cd_cotacao, cd_papel, dt_cotacao, vl_cotacao) VALUES
(193, 6, '2014-01-31', 11.36);
INSERT INTO boil.cotacoes(cd_cotacao, cd_papel, dt_cotacao, vl_cotacao) VALUES
(194, 6, '2014-02-07', 10.48);
INSERT INTO boil.cotacoes(cd_cotacao, cd_papel, dt_cotacao, vl_cotacao) VALUES
(195, 6, '2014-02-14', 11.12);
INSERT INTO boil.cotacoes(cd_cotacao, cd_papel, dt_cotacao, vl_cotacao) VALUES
(196, 6, '2014-02-21', 10.46);
INSERT INTO boil.cotacoes(cd_cotacao, cd_papel, dt_cotacao, vl_cotacao) VALUES
(197, 6, '2014-02-28', 10.67);
INSERT INTO boil.cotacoes(cd_cotacao, cd_papel, dt_cotacao, vl_cotacao) VALUES
(198, 6, '2014-03-07', 10.62);
INSERT INTO boil.cotacoes(cd_cotacao, cd_papel, dt_cotacao, vl_cotacao) VALUES
(199, 6, '2014-03-14', 10.14);
INSERT INTO boil.cotacoes(cd_cotacao, cd_papel, dt_cotacao, vl_cotacao) VALUES
(200, 6, '2014-03-21', 9.75);
INSERT INTO boil.cotacoes(cd_cotacao, cd_papel, dt_cotacao, vl_cotacao) VALUES
(201, 6, '2014-03-28', 9.89);
INSERT INTO boil.cotacoes(cd_cotacao, cd_papel, dt_cotacao, vl_cotacao) VALUES
(202, 6, '2014-04-04', 10.68);
INSERT INTO boil.cotacoes(cd_cotacao, cd_papel, dt_cotacao, vl_cotacao) VALUES
(203, 6, '2014-04-11', 11.37);
INSERT INTO boil.cotacoes(cd_cotacao, cd_papel, dt_cotacao, vl_cotacao) VALUES
(204, 6, '2014-04-17', 10.89);
INSERT INTO boil.cotacoes(cd_cotacao, cd_papel, dt_cotacao, vl_cotacao) VALUES
(205, 6, '2014-04-25', 11.17);
INSERT INTO boil.cotacoes(cd_cotacao, cd_papel, dt_cotacao, vl_cotacao) VALUES
(206, 6, '2014-05-02', 10.69);
INSERT INTO boil.cotacoes(cd_cotacao, cd_papel, dt_cotacao, vl_cotacao) VALUES
(207, 6, '2014-05-09', 10.58);
INSERT INTO boil.cotacoes(cd_cotacao, cd_papel, dt_cotacao, vl_cotacao) VALUES
(208, 6, '2014-05-16', 9.9);
INSERT INTO boil.cotacoes(cd_cotacao, cd_papel, dt_cotacao, vl_cotacao) VALUES
(209, 6, '2014-05-23', 10.04);
INSERT INTO boil.cotacoes(cd_cotacao, cd_papel, dt_cotacao, vl_cotacao) VALUES
(210, 6, '2014-05-30', 9.9);
INSERT INTO boil.cotacoes(cd_cotacao, cd_papel, dt_cotacao, vl_cotacao) VALUES
(211, 6, '2014-06-06', 9.79);
INSERT INTO boil.cotacoes(cd_cotacao, cd_papel, dt_cotacao, vl_cotacao) VALUES
(212, 6, '2014-06-13', 10.5);
INSERT INTO boil.cotacoes(cd_cotacao, cd_papel, dt_cotacao, vl_cotacao) VALUES
(213, 6, '2014-06-18', 10.61);
INSERT INTO boil.cotacoes(cd_cotacao, cd_papel, dt_cotacao, vl_cotacao) VALUES
(214, 6, '2014-06-27', 10.73);
INSERT INTO boil.cotacoes(cd_cotacao, cd_papel, dt_cotacao, vl_cotacao) VALUES
(215, 6, '2014-07-03', 10.84);
INSERT INTO boil.cotacoes(cd_cotacao, cd_papel, dt_cotacao, vl_cotacao) VALUES
(216, 6, '2014-07-11', 10.85);
INSERT INTO boil.cotacoes(cd_cotacao, cd_papel, dt_cotacao, vl_cotacao) VALUES
(217, 6, '2014-07-18', 11.23);
INSERT INTO boil.cotacoes(cd_cotacao, cd_papel, dt_cotacao, vl_cotacao) VALUES
(218, 6, '2014-07-25', 11.12);
INSERT INTO boil.cotacoes(cd_cotacao, cd_papel, dt_cotacao, vl_cotacao) VALUES
(219, 6, '2014-08-01', 11.12);
INSERT INTO boil.cotacoes(cd_cotacao, cd_papel, dt_cotacao, vl_cotacao) VALUES
(220, 6, '2014-08-08', 10.86);
INSERT INTO boil.cotacoes(cd_cotacao, cd_papel, dt_cotacao, vl_cotacao) VALUES
(221, 6, '2014-08-15', 10.76);
INSERT INTO boil.cotacoes(cd_cotacao, cd_papel, dt_cotacao, vl_cotacao) VALUES
(222, 6, '2014-08-22', 10.87);
INSERT INTO boil.cotacoes(cd_cotacao, cd_papel, dt_cotacao, vl_cotacao) VALUES
(223, 6, '2014-08-25', 11.25);
INSERT INTO boil.cotacoes(cd_cotacao, cd_papel, dt_cotacao, vl_cotacao) VALUES
(224, 7, '2014-01-03', 8.24);
INSERT INTO boil.cotacoes(cd_cotacao, cd_papel, dt_cotacao, vl_cotacao) VALUES
(225, 7, '2014-01-10', 8.12);
INSERT INTO boil.cotacoes(cd_cotacao, cd_papel, dt_cotacao, vl_cotacao) VALUES
(226, 7, '2014-01-17', 7.92);
INSERT INTO boil.cotacoes(cd_cotacao, cd_papel, dt_cotacao, vl_cotacao) VALUES
(227, 7, '2014-01-24', 7.8);
INSERT INTO boil.cotacoes(cd_cotacao, cd_papel, dt_cotacao, vl_cotacao) VALUES
(228, 7, '2014-01-31', 7.74);
INSERT INTO boil.cotacoes(cd_cotacao, cd_papel, dt_cotacao, vl_cotacao) VALUES
(229, 7, '2014-02-07', 7.53);
INSERT INTO boil.cotacoes(cd_cotacao, cd_papel, dt_cotacao, vl_cotacao) VALUES
(230, 7, '2014-02-14', 7.44);
INSERT INTO boil.cotacoes(cd_cotacao, cd_papel, dt_cotacao, vl_cotacao) VALUES
(231, 7, '2014-02-21', 7.84);
INSERT INTO boil.cotacoes(cd_cotacao, cd_papel, dt_cotacao, vl_cotacao) VALUES
(232, 7, '2014-02-28', 7.72);
INSERT INTO boil.cotacoes(cd_cotacao, cd_papel, dt_cotacao, vl_cotacao) VALUES
(233, 7, '2014-03-07', 7.84);
INSERT INTO boil.cotacoes(cd_cotacao, cd_papel, dt_cotacao, vl_cotacao) VALUES
(234, 7, '2014-03-14', 8.08);
INSERT INTO boil.cotacoes(cd_cotacao, cd_papel, dt_cotacao, vl_cotacao) VALUES
(235, 7, '2014-03-21', 7.82);
INSERT INTO boil.cotacoes(cd_cotacao, cd_papel, dt_cotacao, vl_cotacao) VALUES
(236, 7, '2014-03-28', 8.06);
INSERT INTO boil.cotacoes(cd_cotacao, cd_papel, dt_cotacao, vl_cotacao) VALUES
(237, 7, '2014-04-04', 8.06);
INSERT INTO boil.cotacoes(cd_cotacao, cd_papel, dt_cotacao, vl_cotacao) VALUES
(238, 7, '2014-04-11', 8.01);
INSERT INTO boil.cotacoes(cd_cotacao, cd_papel, dt_cotacao, vl_cotacao) VALUES
(239, 7, '2014-04-17', 8.11);
INSERT INTO boil.cotacoes(cd_cotacao, cd_papel, dt_cotacao, vl_cotacao) VALUES
(240, 7, '2014-04-25', 8.23);
INSERT INTO boil.cotacoes(cd_cotacao, cd_papel, dt_cotacao, vl_cotacao) VALUES
(241, 7, '2014-05-02', 8.45);
INSERT INTO boil.cotacoes(cd_cotacao, cd_papel, dt_cotacao, vl_cotacao) VALUES
(242, 7, '2014-05-09', 8.42);
INSERT INTO boil.cotacoes(cd_cotacao, cd_papel, dt_cotacao, vl_cotacao) VALUES
(243, 7, '2014-05-16', 8.49);
INSERT INTO boil.cotacoes(cd_cotacao, cd_papel, dt_cotacao, vl_cotacao) VALUES
(244, 7, '2014-05-23', 8.81);
INSERT INTO boil.cotacoes(cd_cotacao, cd_papel, dt_cotacao, vl_cotacao) VALUES
(245, 7, '2014-05-30', 8.59);
INSERT INTO boil.cotacoes(cd_cotacao, cd_papel, dt_cotacao, vl_cotacao) VALUES
(246, 7, '2014-06-06', 8.52);
INSERT INTO boil.cotacoes(cd_cotacao, cd_papel, dt_cotacao, vl_cotacao) VALUES
(247, 7, '2014-06-13', 8.52);
INSERT INTO boil.cotacoes(cd_cotacao, cd_papel, dt_cotacao, vl_cotacao) VALUES
(248, 7, '2014-06-20', 8.31);
INSERT INTO boil.cotacoes(cd_cotacao, cd_papel, dt_cotacao, vl_cotacao) VALUES
(249, 7, '2014-06-27', 8.28);
INSERT INTO boil.cotacoes(cd_cotacao, cd_papel, dt_cotacao, vl_cotacao) VALUES
(250, 7, '2014-07-04', 8.31);
INSERT INTO boil.cotacoes(cd_cotacao, cd_papel, dt_cotacao, vl_cotacao) VALUES
(251, 7, '2014-07-11', 8.28);
INSERT INTO boil.cotacoes(cd_cotacao, cd_papel, dt_cotacao, vl_cotacao) VALUES
(252, 7, '2014-07-18', 8.66);
INSERT INTO boil.cotacoes(cd_cotacao, cd_papel, dt_cotacao, vl_cotacao) VALUES
(253, 7, '2014-07-25', 8.56);
INSERT INTO boil.cotacoes(cd_cotacao, cd_papel, dt_cotacao, vl_cotacao) VALUES
(254, 7, '2014-08-01', 8.45);
INSERT INTO boil.cotacoes(cd_cotacao, cd_papel, dt_cotacao, vl_cotacao) VALUES
(255, 7, '2014-08-08', 8.43);
INSERT INTO boil.cotacoes(cd_cotacao, cd_papel, dt_cotacao, vl_cotacao) VALUES
(256, 7, '2014-08-15', 8.46);
INSERT INTO boil.cotacoes(cd_cotacao, cd_papel, dt_cotacao, vl_cotacao) VALUES
(257, 7, '2014-08-22', 8.69);
INSERT INTO boil.cotacoes(cd_cotacao, cd_papel, dt_cotacao, vl_cotacao) VALUES
(258, 7, '2014-08-25', 8.54);
INSERT INTO boil.noticias(cd_noticia, cd_categoria, dt_noticia, ds_titulo, ds_descricao) VALUES
(1, 3, '2014-01-10', '40 onibus incendiados em SP', '40 onibus incendiados em SP');
INSERT INTO boil.noticias(cd_noticia, cd_categoria, dt_noticia, ds_titulo, ds_descricao) VALUES
(2, 1, '2014-01-10', 'Presitende Dilma troca ministros da casa civil, educação e saude', 'Presitende Dilma troca ministros da casa civil, educação e saude');
INSERT INTO boil.noticias(cd_noticia, cd_categoria, dt_noticia, ds_titulo, ds_descricao) VALUES
(3, 3, '2014-02-02', 'Super falha de energia no brasil', 'Super falha de energia no brasil');
INSERT INTO boil.noticias(cd_noticia, cd_categoria, dt_noticia, ds_titulo, ds_descricao) VALUES
(4, 3, '2014-03-01', 'Grande Falta de água em bairros de SP', 'Grande Falta de água em bairros de SP');
INSERT INTO boil.noticias(cd_noticia, cd_categoria, dt_noticia, ds_titulo, ds_descricao) VALUES
(5, 2, '2014-03-15', 'Investigação da Petrobras - Fato Negativo', 'Investigação da Petrobras - Fato Negativo');
INSERT INTO boil.noticias(cd_noticia, cd_categoria, dt_noticia, ds_titulo, ds_descricao) VALUES
(6, 3, '2014-03-29', 'Sabesp: Agua garantida até final do ano sem SP', 'Sabesp: Agua garantida até final do ano sem SP');
INSERT INTO boil.noticias(cd_noticia, cd_categoria, dt_noticia, ds_titulo, ds_descricao) VALUES
(7, 1, '2014-05-26', 'Reajuste 10% Bolsa Familia', 'Reajuste 10% Bolsa Familia');
INSERT INTO boil.noticias(cd_noticia, cd_categoria, dt_noticia, ds_titulo, ds_descricao) VALUES
(8, 3, '2014-06-01', 'Copa do Mundo Brasil', 'Copa do Mundo Brasil');
INSERT INTO boil.noticias(cd_noticia, cd_categoria, dt_noticia, ds_titulo, ds_descricao) VALUES
(9, 3, '2014-06-28', 'Fim da Copa', 'Fim da Copa');
INSERT INTO boil.noticias(cd_noticia, cd_categoria, dt_noticia, ds_titulo, ds_descricao) VALUES
(10, 1, '2014-07-15', 'Eleições Presidente Brasil - Início Política', 'Eleições Presidente Brasil - Início Política');
INSERT INTO boil.noticias(cd_noticia, cd_categoria, dt_noticia, ds_titulo, ds_descricao) VALUES
(11, 1, '2014-08-01', 'Morte concorrente presidencia', 'Morte concorrente presidencia');
INSERT INTO boil.noticias(cd_noticia, cd_categoria, dt_noticia, ds_titulo, ds_descricao) VALUES
(12, 1, '2014-10-06', 'Foi para Segundo Turno Eleições 2014', 'A presidente atual não conseguiu ganhar no primeiro turno. Eleições foi para segundo turno.');
INSERT INTO boil.noticias(cd_noticia, cd_categoria, dt_noticia, ds_titulo, ds_descricao) VALUES
(13, 1, '2014-10-21', 'Presidente do Brasil (Dilma) adimite problemas e roubos na Petrobras', 'Presidente do Brasil (Dilma) adimite problemas e roubos na Petrobras');
INSERT INTO boil.noticias(cd_noticia, cd_categoria, dt_noticia, ds_titulo, ds_descricao) VALUES
(14, 1, '2014-10-21', 'Últimos dias para votação para Presidência do Brasil', 'Últimos dias para votação para Presidência do Brasil');
INSERT INTO boil.noticias(cd_noticia, cd_categoria, dt_noticia, ds_titulo, ds_descricao) VALUES
(15, 1, '2014-10-27', 'Dilma é reeleita presidente do Brasil', 'Dilma é reeleita presidente do Brasil');
INSERT INTO boil.noticias(cd_noticia, cd_categoria, dt_noticia, ds_titulo, ds_descricao) VALUES
(16, 3, '2014-11-07', 'Falta de Agua em SP', 'Grande Falta de Agua assola a maior capital do Pais.');
INSERT INTO boil.papeis(cd_papel, ds_papel, ds_chave) VALUES
(1, 'Petrobras 4', 'PETR4');
INSERT INTO boil.papeis(cd_papel, ds_papel, ds_chave) VALUES
(2, 'Eztec', 'EZTC3');
INSERT INTO boil.papeis(cd_papel, ds_papel, ds_chave) VALUES
(3, 'Vale 5', 'VALE5');
INSERT INTO boil.papeis(cd_papel, ds_papel, ds_chave) VALUES
(4, 'Banco Brasil 3', 'BBAS3');
INSERT INTO boil.papeis(cd_papel, ds_papel, ds_chave) VALUES
(6, 'Banco Paraná', 'PRBC4');
INSERT INTO boil.papeis(cd_papel, ds_papel, ds_chave) VALUES
(7, 'ETERNIT', 'ETER3');
